{"0":{"0":0.8819047809,"1":0.8822023869,"2":0.8818452358,"3":0.8709821701,"4":0.8628273606,"5":0.8541666865,"6":0.8317261934,"7":0.8132737875,"8":0.5406845212},"1":{"0":0.9247024059,"1":0.9225893021,"2":0.9236904979,"3":0.9118750095,"4":0.9001785517,"5":0.8953869343,"6":0.8836904764,"7":0.8782737851,"8":0.8430059552},"2":{"0":0.9334523678,"1":0.9309226274,"2":0.9310714006,"3":0.9204166532,"4":0.9074702263,"5":0.9015773535,"6":0.8894940615,"7":0.8890773654,"8":0.870208323},"3":{"0":0.9363392591,"1":0.9359226227,"2":0.9365773797,"3":0.9252678752,"4":0.9136309624,"5":0.904940486,"6":0.8932142854,"7":0.8941666484,"8":0.886785686},"4":{"0":0.9409226179,"1":0.9377381206,"2":0.9361011982,"3":0.9258928299,"4":0.9150000215,"5":0.9064285755,"6":0.8949404955,"7":0.8991071582,"8":0.8944345117},"5":{"0":0.9382440448,"1":0.9372618794,"2":0.936845243,"3":0.9268452525,"4":0.9153571725,"5":0.9066666961,"6":0.897023797,"7":0.9002678394,"8":0.8987797499},"6":{"0":0.9384226203,"1":0.9365178347,"2":0.9354761839,"3":0.9291071296,"4":0.9163392782,"5":0.9103571177,"6":0.8997916579,"7":0.9003869295,"8":0.9020237923},"7":{"0":0.9394642711,"1":0.9357143044,"2":0.9349107146,"3":0.9290178418,"4":0.9158630967,"5":0.9116071463,"6":0.9005952477,"7":0.9031547904,"8":0.9049702287},"8":{"0":0.937142849,"1":0.9335416555,"2":0.9343155026,"3":0.9291666746,"4":0.9171726108,"5":0.9091666937,"6":0.9014880657,"7":0.9027976394,"8":0.9041071534},"9":{"0":0.9379166961,"1":0.93336308,"2":0.9353274107,"3":0.9289880991,"4":0.9182738066,"5":0.9120535851,"6":0.9033928514,"7":0.9029464126,"8":0.9047916532},"10":{"0":0.9367559552,"1":0.9344940186,"2":0.9350000024,"3":0.9282440543,"4":0.917083323,"5":0.9133035541,"6":0.9033333063,"7":0.9053571224,"8":0.9048214555},"11":{"0":0.9365178347,"1":0.9348809719,"2":0.9335416555,"3":0.9295535684,"4":0.9175297618,"5":0.9125297666,"6":0.9036011696,"7":0.9043154716,"8":0.907202363},"12":{"0":0.934017837,"1":0.9355654716,"2":0.93336308,"3":0.931815505,"4":0.9176487923,"5":0.9126785994,"6":0.9024999738,"7":0.9049702287,"8":0.9079464078},"13":{"0":0.9351488352,"1":0.9366071224,"2":0.9341369271,"3":0.9294940233,"4":0.9201487899,"5":0.9137499928,"6":0.9063392878,"7":0.905952394,"8":0.9062202573},"14":{"0":0.9342857003,"1":0.93589288,"2":0.9329166412,"3":0.9305952191,"4":0.9216368794,"5":0.9134226441,"6":0.9045535922,"7":0.9029166698,"8":0.9072619081},"15":{"0":0.9346131086,"1":0.9342262149,"2":0.9352381229,"3":0.9305654764,"4":0.9205059409,"5":0.9172023535,"6":0.9055059552,"7":0.9061011672,"8":0.907202363},"16":{"0":0.9359523654,"1":0.9350892901,"2":0.9368749857,"3":0.9318749905,"4":0.9212499857,"5":0.9172618985,"6":0.9050892591,"7":0.9046130776,"8":0.9083333611},"17":{"0":0.9349107146,"1":0.9351190329,"2":0.9322321415,"3":0.9316666722,"4":0.9222618937,"5":0.915773809,"6":0.9056845307,"7":0.9077380896,"8":0.9088095427},"18":{"0":0.9358035922,"1":0.936845243,"2":0.9328868985,"3":0.9323809743,"4":0.9224107265,"5":0.9189285636,"6":0.9053273797,"7":0.9072916508,"8":0.9074404836},"19":{"0":0.9358035922,"1":0.9352678657,"2":0.9344345331,"3":0.930803597,"4":0.9241368771,"5":0.9161012173,"6":0.9064583182,"7":0.9099702239,"8":0.9063988328}}