{"0":{"0":0.9311904907,"1":0.9398809671,"2":0.9341666698,"3":0.9283333421,"4":0.917142868,"5":0.9139285684,"6":0.9084523916,"7":0.9054762125,"8":0.8692857027},"1":{"0":0.9408333302,"1":0.9396428466,"2":0.9415476322,"3":0.9314285517,"4":0.926666677,"5":0.9120237827,"6":0.905595243,"7":0.9169047475,"8":0.9008333087},"2":{"0":0.9474999905,"1":0.9465476274,"2":0.94738096,"3":0.9310714006,"4":0.9260714054,"5":0.9120237827,"6":0.8994047642,"7":0.917380929,"8":0.9125000238},"3":{"0":0.9458333254,"1":0.9444047809,"2":0.9403571486,"3":0.9341666698,"4":0.9176190495,"5":0.9039285779,"6":0.9001190662,"7":0.9182142615,"8":0.9184523821},"4":{"0":0.949642837,"1":0.9408333302,"2":0.9442856908,"3":0.9325000048,"4":0.9205952287,"5":0.9083333611,"6":0.906904757,"7":0.9179762006,"8":0.9222618937},"5":{"0":0.9466666579,"1":0.9454761744,"2":0.9385714531,"3":0.9251190424,"4":0.9260714054,"5":0.9007142782,"6":0.9100000262,"7":0.9170238376,"8":0.9254761934},"6":{"0":0.9480952621,"1":0.9355952144,"2":0.9436904788,"3":0.9208333492,"4":0.9127380848,"5":0.9039285779,"6":0.9107142687,"7":0.9160714149,"8":0.9255952239},"7":{"0":0.9499999881,"1":0.9416666627,"2":0.9460714459,"3":0.9271428585,"4":0.9229761958,"5":0.9098809361,"6":0.8932142854,"7":0.9130952358,"8":0.9282143116},"8":{"0":0.9463095069,"1":0.9336904883,"2":0.9402381182,"3":0.9153571725,"4":0.9184523821,"5":0.9083333611,"6":0.906547606,"7":0.9160714149,"8":0.9308333397},"9":{"0":0.9429761767,"1":0.9422619343,"2":0.9323809743,"3":0.9245238304,"4":0.9144047499,"5":0.9101190567,"6":0.9094047546,"7":0.9139285684,"8":0.9328571558},"10":{"0":0.9432142973,"1":0.9395238161,"2":0.9410714507,"3":0.9251190424,"4":0.9130952358,"5":0.9003571272,"6":0.9169047475,"7":0.9128571153,"8":0.9319047332},"11":{"0":0.9430952668,"1":0.9352381229,"2":0.9405952096,"3":0.916190505,"4":0.9190475941,"5":0.9110714197,"6":0.9109523892,"7":0.915833354,"8":0.9339285493},"12":{"0":0.9405952096,"1":0.9426190257,"2":0.9321428537,"3":0.9100000262,"4":0.9140475988,"5":0.9170238376,"6":0.9163095355,"7":0.9141666889,"8":0.9344047904},"13":{"0":0.9421428442,"1":0.9424999952,"2":0.9386904836,"3":0.927023828,"4":0.9098809361,"5":0.9221428633,"6":0.9132142663,"7":0.9070237875,"8":0.9360714555},"14":{"0":0.9373809695,"1":0.9335714579,"2":0.9332143068,"3":0.9153571725,"4":0.9209523797,"5":0.9123809338,"6":0.9179762006,"7":0.9170238376,"8":0.9330952168},"15":{"0":0.9336904883,"1":0.9421428442,"2":0.9301190376,"3":0.9322618842,"4":0.9198809266,"5":0.9175000191,"6":0.9110714197,"7":0.9198809266,"8":0.9367856979},"16":{"0":0.9414285421,"1":0.9407142997,"2":0.936904788,"3":0.9217857122,"4":0.9258333445,"5":0.9215475917,"6":0.9104762077,"7":0.9123809338,"8":0.936904788},"17":{"0":0.9390476346,"1":0.9389285445,"2":0.9282143116,"3":0.9239285588,"4":0.9265476465,"5":0.9219047427,"6":0.9200000167,"7":0.9113095403,"8":0.9377381206},"18":{"0":0.9415476322,"1":0.9373809695,"2":0.9399999976,"3":0.9389285445,"4":0.9255952239,"5":0.9150000215,"6":0.9146428704,"7":0.9150000215,"8":0.9355952144},"19":{"0":0.9420238137,"1":0.9417856932,"2":0.9403571486,"3":0.9259523749,"4":0.9260714054,"5":0.9255952239,"6":0.915476203,"7":0.9136904478,"8":0.9389285445}}