{"0":{"0":0.9331160724,"1":0.9319880962,"2":0.9313392878,"3":0.9252276808,"4":0.9143363029,"5":0.9081651837,"6":0.8971874952,"7":0.8971339226,"8":0.8810714275}}