{"0":{"0":0.9426607132,"1":0.9402202398,"2":0.938500008,"3":0.9253511935,"4":0.9201845169,"5":0.9123869032,"6":0.909869051,"7":0.9145654738,"8":0.9260833323}}