{"0":{"0":0.9310714006,"1":0.9204761982,"2":0.9148809314,"3":0.9008333087,"4":0.8761904836,"5":0.8464285731,"6":0.7464285493,"7":0.5176190734,"8":0.1121428534},"1":{"0":0.9440476298,"1":0.9340476394,"2":0.928571403,"3":0.9153571725,"4":0.9039285779,"5":0.8801190257,"6":0.8171428442,"7":0.6225000024,"8":0.1121428534},"2":{"0":0.947023809,"1":0.938809514,"2":0.9310714006,"3":0.9232142568,"4":0.9114285707,"5":0.8876190186,"6":0.8477380872,"7":0.6725000143,"8":0.1121428534},"3":{"0":0.9455952644,"1":0.9419047832,"2":0.9330952168,"3":0.9261904955,"4":0.9082142711,"5":0.8915476203,"6":0.8602380753,"7":0.6961904764,"8":0.1121428534},"4":{"0":0.947023809,"1":0.9407142997,"2":0.9340476394,"3":0.9291666746,"4":0.9064285755,"5":0.896071434,"6":0.8623809814,"7":0.7055952549,"8":0.1121428534},"5":{"0":0.938809514,"1":0.9452381134,"2":0.9322618842,"3":0.9305952191,"4":0.9048809409,"5":0.896309495,"6":0.8682143092,"7":0.7163095474,"8":0.1121428534},"6":{"0":0.9353571534,"1":0.9457142949,"2":0.9221428633,"3":0.9311904907,"4":0.9130952358,"5":0.8994047642,"6":0.8708333373,"7":0.7282142639,"8":0.1121428534},"7":{"0":0.9239285588,"1":0.9370238185,"2":0.905595243,"3":0.9265476465,"4":0.9084523916,"5":0.9010714293,"6":0.8710714579,"7":0.7272619009,"8":0.1121428534},"8":{"0":0.9364285469,"1":0.9407142997,"2":0.9190475941,"3":0.9200000167,"4":0.9107142687,"5":0.8964285851,"6":0.8760714531,"7":0.7276190519,"8":0.1121428534},"9":{"0":0.9127380848,"1":0.9351190329,"2":0.9189285636,"3":0.9194047451,"4":0.9048809409,"5":0.895714283,"6":0.874047637,"7":0.7270237803,"8":0.1121428534},"10":{"0":0.9209523797,"1":0.9405952096,"2":0.9179762006,"3":0.9147619009,"4":0.905952394,"5":0.8977380991,"6":0.8757143021,"7":0.7346428633,"8":0.1121428534},"11":{"0":0.9332143068,"1":0.9390476346,"2":0.915476203,"3":0.9234523773,"4":0.9165475965,"5":0.8994047642,"6":0.8748809695,"7":0.7323809266,"8":0.1121428534},"12":{"0":0.9288095236,"1":0.9410714507,"2":0.9240475893,"3":0.915476203,"4":0.9119047523,"5":0.897023797,"6":0.8764285445,"7":0.7365475893,"8":0.1121428534},"13":{"0":0.9359523654,"1":0.9351190329,"2":0.9019047618,"3":0.9109523892,"4":0.8988095522,"5":0.8932142854,"6":0.8797619343,"7":0.7405952215,"8":0.1121428534},"14":{"0":0.9352381229,"1":0.9404761791,"2":0.9217857122,"3":0.9098809361,"4":0.9073809385,"5":0.8920238018,"6":0.8817856908,"7":0.7428571582,"8":0.1121428534},"15":{"0":0.9315476418,"1":0.9372618794,"2":0.9182142615,"3":0.915476203,"4":0.915476203,"5":0.8922619224,"6":0.8790476322,"7":0.739761889,"8":0.1121428534},"16":{"0":0.9398809671,"1":0.9304761887,"2":0.9135714173,"3":0.915833354,"4":0.9091666937,"5":0.8905952573,"6":0.8798809648,"7":0.749047637,"8":0.1121428534},"17":{"0":0.9370238185,"1":0.9305952191,"2":0.9139285684,"3":0.9098809361,"4":0.9153571725,"5":0.8901190758,"6":0.8810714483,"7":0.7390476465,"8":0.1121428534},"18":{"0":0.9367856979,"1":0.9314285517,"2":0.9242857099,"3":0.9178571701,"4":0.9110714197,"5":0.8964285851,"6":0.8789285421,"7":0.7571428418,"8":0.1121428534},"19":{"0":0.9258333445,"1":0.9372618794,"2":0.9244047403,"3":0.9190475941,"4":0.9169047475,"5":0.8830952644,"6":0.8794047832,"7":0.7540476322,"8":0.1121428534}}