{"0":{"0":0.8299702406,"1":0.7795833349,"2":0.7488095164,"3":0.6942262053,"4":0.5646131039,"5":0.5086011887,"6":0.3147619069,"7":0.1660416722,"8":0.1108035743},"1":{"0":0.9109523892,"1":0.8968154788,"2":0.8799404502,"3":0.8486607075,"4":0.8018154502,"5":0.671220243,"6":0.5052381158,"7":0.313154757,"8":0.111369051},"2":{"0":0.9215475917,"1":0.9092559814,"2":0.8959524035,"3":0.8674404621,"4":0.8228273988,"5":0.6886607409,"6":0.5616666675,"7":0.3360416591,"8":0.111369051},"3":{"0":0.9292559624,"1":0.9181249738,"2":0.902410686,"3":0.8754761815,"4":0.8335416913,"5":0.6946428418,"6":0.5915476084,"7":0.3420535624,"8":0.111369051},"4":{"0":0.9325892925,"1":0.9221131206,"2":0.9074404836,"3":0.8802678585,"4":0.8349999785,"5":0.7010416389,"6":0.5914881229,"7":0.3525595367,"8":0.111369051},"5":{"0":0.9315773845,"1":0.9227083325,"2":0.9110119343,"3":0.8831845522,"4":0.8372023702,"5":0.6999702454,"6":0.6000893116,"7":0.3602976203,"8":0.111369051},"6":{"0":0.9316666722,"1":0.9228869081,"2":0.906845212,"3":0.8857142925,"4":0.8369345069,"5":0.7022321224,"6":0.6011607051,"7":0.3571726084,"8":0.111369051},"7":{"0":0.9290773869,"1":0.9210416675,"2":0.9080654979,"3":0.8884821534,"4":0.8374999762,"5":0.7047916651,"6":0.5970535874,"7":0.36431548,"8":0.111369051},"8":{"0":0.9294047356,"1":0.9198809266,"2":0.9077976346,"3":0.8837500215,"4":0.8356249928,"5":0.7010416389,"6":0.6081845164,"7":0.3665178716,"8":0.111369051},"9":{"0":0.9302083254,"1":0.9187202454,"2":0.905297637,"3":0.8847321272,"4":0.833809495,"5":0.698035717,"6":0.6024404764,"7":0.3684821427,"8":0.111369051},"10":{"0":0.9293749928,"1":0.9190773964,"2":0.9083035588,"3":0.8842559457,"4":0.8344643116,"5":0.6995833516,"6":0.6094642878,"7":0.3731845319,"8":0.111369051},"11":{"0":0.9303571582,"1":0.9180654883,"2":0.9075892568,"3":0.8826488256,"4":0.8319940567,"5":0.6979166865,"6":0.608065486,"7":0.375208348,"8":0.111369051},"12":{"0":0.9299702644,"1":0.9176190495,"2":0.9040178657,"3":0.8807737827,"4":0.8333333135,"5":0.6989285946,"6":0.6017857194,"7":0.3788392842,"8":0.111369051},"13":{"0":0.9313392639,"1":0.9185416698,"2":0.9044345021,"3":0.8817856908,"4":0.834226191,"5":0.6980654597,"6":0.6012797356,"7":0.3778273761,"8":0.111369051},"14":{"0":0.9299107194,"1":0.9173214436,"2":0.9077976346,"3":0.8796428442,"4":0.8315476179,"5":0.6984821558,"6":0.5998809338,"7":0.3825595379,"8":0.111369051},"15":{"0":0.9304464459,"1":0.9160714149,"2":0.9025892615,"3":0.880446434,"4":0.8307142854,"5":0.698630929,"6":0.6023511887,"7":0.3930654824,"8":0.111369051},"16":{"0":0.9280654788,"1":0.9169642925,"2":0.905654788,"3":0.8802976012,"4":0.8315178752,"5":0.6999107003,"6":0.6011309624,"7":0.3919047713,"8":0.111369051},"17":{"0":0.9303869009,"1":0.9165773988,"2":0.9050595164,"3":0.8812797666,"4":0.8331547379,"5":0.6949999928,"6":0.603333354,"7":0.4039285779,"8":0.111369051},"18":{"0":0.9296428561,"1":0.9184226394,"2":0.9060714245,"3":0.8814880848,"4":0.8328869343,"5":0.6991071701,"6":0.6026190519,"7":0.4026785791,"8":0.111369051},"19":{"0":0.9296131134,"1":0.9174702168,"2":0.9049702287,"3":0.8798511624,"4":0.8328869343,"5":0.6998512149,"6":0.6050297618,"7":0.4088690579,"8":0.111369051}}