{"0":{"0":0.9237678587,"1":0.910363099,"2":0.8965029746,"3":0.870220235,"4":0.8182797611,"5":0.6877857149,"6":0.580428575,"7":0.3607351229,"8":0.1113407772}}