{"0":{"0":0.934363097,"1":0.937154761,"2":0.9207618952,"3":0.9187559545,"4":0.9078392863,"5":0.891130954,"6":0.8640535772,"7":0.7133452386,"8":0.1121428534}}